SQUEEZE_PERCENTILE,SQUEEZE_LOOKBACK,BREAKOUT_BARS,BREAKOUT_THRESHOLD,ATR_MULTIPLIER,TP_RATIO,RISK_PER_TRADE,total_return,win_rate,profit_factor,max_drawdown,total_trades,final_balance,score
30,20,2,0.003,2.0,3.0,0.02,25.948075018884502,46.666666666666664,2.626878115175262,4.522074926659986,15,12594.80750188845,53.02
30,20,2,0.002,2.0,3.0,0.02,25.948075018884502,46.666666666666664,2.626878115175262,4.522074926659986,15,12594.80750188845,53.02
30,20,1,0.003,1.5,3.0,0.02,19.97369191385895,50.0,3.0018347326755626,3.2138232112945184,10,11997.369191385895,52.03
30,20,1,0.002,1.5,3.0,0.02,19.97369191385895,50.0,3.0018347326755626,3.2138232112945184,10,11997.369191385895,52.03
30,20,2,0.005,2.0,3.0,0.02,23.963128883549143,43.75,2.336142683174645,6.0268104167081304,16,12396.312888354914,50.9
15,20,3,0.005,2.0,4.0,0.02,35.981617237830505,30.0,1.6679791198868261,9.232908613353723,40,13598.16172378305,50.62
15,20,3,0.002,2.0,4.0,0.02,35.982141534217156,30.0,1.6680112580658881,9.232555811472686,40,13598.214153421715,50.62
15,20,2,0.005,2.0,4.0,0.02,38.793290087451716,29.545454545454547,1.6507920443925412,13.279143017747117,44,13879.329008745171,50.4
15,20,2,0.002,2.0,4.0,0.02,38.793290087451716,29.545454545454547,1.6507920443925412,13.279143017747117,44,13879.329008745171,50.4
15,20,3,0.003,2.0,4.0,0.02,35.11318550087641,30.0,1.6518732803362257,9.286531248543632,40,13511.31855008764,50.26
15,20,2,0.003,2.0,4.0,0.02,37.92411092929397,29.545454545454547,1.6361897144766409,13.352078587441824,44,13792.411092929397,50.03
30,20,1,0.005,1.5,2.0,0.02,13.50864567496701,50.0,1.968090488671377,2.0,14,11350.864567496701,49.8
30,20,1,0.005,1.5,3.0,0.02,18.21242278155205,45.45454545454545,2.5514508823323085,4.634688926874399,11,11821.242278155205,49.53
30,20,2,0.003,2.0,4.0,0.02,23.956421913181384,38.46153846153847,2.501362757486803,5.999023588624604,13,12395.642191318138,49.32
30,20,2,0.002,2.0,4.0,0.02,23.956421913181384,38.46153846153847,2.501362757486803,5.999023588624604,13,12395.642191318138,49.32
30,20,2,0.005,2.0,2.0,0.02,15.95729014670025,47.368421052631575,1.8009937215581264,4.882975552400973,19,11595.729014670025,49.13
25,20,1,0.002,2.0,3.0,0.02,19.64542275221369,41.17647058823529,1.9860314745764278,4.981209358408049,17,11964.542275221369,48.72
25,20,1,0.003,2.0,3.0,0.02,19.64542275221369,41.17647058823529,1.9860314745764278,4.981209358408049,17,11964.542275221369,48.72
30,20,1,0.005,2.0,2.0,0.02,11.980762128027127,50.0,2.000383248183965,3.696948231432743,12,11198.076212802713,48.68
30,20,1,0.003,1.5,3.0,0.01,9.99342227608451,50.0,3.0009176963141444,1.782258695844035,10,10999.342227608451,48.46
30,20,1,0.002,1.5,3.0,0.01,9.99342227608451,50.0,3.0009176963141444,1.782258695844035,10,10999.342227608451,48.46
30,20,2,0.003,2.0,3.0,0.01,12.987016972059665,46.666666666666664,2.6259401559268976,2.5791833556124653,15,11298.701697205966,48.42
30,20,2,0.002,2.0,3.0,0.01,12.987016972059665,46.666666666666664,2.6259401559268976,2.5791833556124653,15,11298.701697205966,48.42
30,20,3,0.003,2.0,4.0,0.02,21.989805067090018,35.714285714285715,2.2255786640955826,6.122617732286311,14,12198.980506709002,47.67
30,20,2,0.005,2.0,4.0,0.02,21.97025455992671,35.714285714285715,2.22447312902229,6.122735430822536,14,12197.02545599267,47.67
30,20,3,0.005,2.0,4.0,0.02,21.989805067090018,35.714285714285715,2.2255786640955826,6.122617732286311,14,12198.980506709002,47.67
30,20,3,0.002,2.0,4.0,0.02,21.989805067090018,35.714285714285715,2.2255786640955826,6.122617732286311,14,12198.980506709002,47.67
30,20,1,0.005,1.5,2.0,0.01,6.9914159058903165,50.0,2.0004312218659863,1.0,14,10699.141590589032,47.5
30,20,1,0.002,2.0,3.0,0.02,13.990447444385753,44.44444444444444,2.401200405879397,4.989237081530222,9,11399.044744438575,47.43
30,20,1,0.003,2.0,3.0,0.02,13.990447444385753,44.44444444444444,2.401200405879397,4.989237081530222,9,11399.044744438575,47.43
25,20,1,0.005,2.0,3.0,0.02,17.79460503954055,38.88888888888889,1.8186512926360272,5.8279348120411845,18,11779.460503954055,47.04
30,20,2,0.005,2.0,3.0,0.01,11.99078672962978,43.75,2.3347389322452106,3.438163142709204,16,11199.078672962978,46.89
30,20,3,0.002,2.0,3.0,0.02,17.99438908857963,40.0,2.0031416000604145,7.773054040185172,15,11799.438908857963,46.87
30,20,3,0.003,2.0,3.0,0.02,17.99438908857963,40.0,2.0031416000604145,7.773054040185172,15,11799.438908857963,46.87
30,20,3,0.005,2.0,3.0,0.02,17.994429812413053,40.0,2.003146147704023,7.773022209563278,15,11799.442981241305,46.87
30,20,1,0.005,2.0,2.0,0.01,5.995189117230511,50.0,2.0001918104899894,1.9212855939293734,12,10599.518911723051,46.82
30,20,1,0.002,1.5,2.0,0.02,9.986477388436231,46.15384615384615,1.7155771765673522,3.489663126127359,13,10998.647738843623,46.79
30,20,1,0.003,1.5,2.0,0.02,9.986477388436231,46.15384615384615,1.7155771765673522,3.489663126127359,13,10998.647738843623,46.79
30,20,2,0.002,2.0,2.0,0.02,11.977864335659142,44.44444444444444,1.6010933342527442,5.051714315299326,18,11197.786433565914,46.61
30,20,2,0.003,2.0,2.0,0.02,11.977864335659142,44.44444444444444,1.6010933342527442,5.051714315299326,18,11197.786433565914,46.61
30,20,2,0.005,2.0,2.0,0.01,7.989321127104704,47.368421052631575,1.8004979419733254,2.692607916706161,19,10798.93211271047,46.6
25,20,2,0.003,2.0,2.0,0.02,13.587157710260344,42.30769230769231,1.4556769370212126,5.550393506477696,26,11358.715771026034,46.46
30,20,3,0.005,2.0,2.0,0.02,11.976673527867078,44.44444444444444,1.6009292394634098,5.546068855828464,18,11197.667352786708,46.46
30,20,3,0.003,2.0,2.0,0.02,11.976673527867078,44.44444444444444,1.6009292394634098,5.546068855828464,18,11197.667352786708,46.46
25,20,2,0.005,2.0,2.0,0.02,13.587157710260344,42.30769230769231,1.4556769370212126,5.550393506477696,26,11358.715771026034,46.46
30,20,3,0.002,2.0,2.0,0.02,11.976673527867078,44.44444444444444,1.6009292394634098,5.546068855828464,18,11197.667352786708,46.46
30,20,1,0.005,1.5,3.0,0.01,8.995972079085169,45.45454545454545,2.501363113224923,2.6729238227710237,11,10899.597207908517,46.43
20,20,3,0.003,2.0,3.0,0.02,22.29836558227307,33.33333333333333,1.4377885392817353,8.956158595791987,39,12229.836558227307,46.23
20,20,3,0.002,2.0,3.0,0.02,22.29836558227307,33.33333333333333,1.4377885392817353,8.956158595791987,39,12229.836558227307,46.23
30,20,2,0.002,2.0,5.0,0.02,21.95563970749272,30.76923076923077,2.222937566118214,5.999023588624604,13,12195.563970749272,46.21
30,20,2,0.003,2.0,5.0,0.02,21.95563970749272,30.76923076923077,2.222937566118214,5.999023588624604,13,12195.563970749272,46.21
25,20,1,0.002,2.0,3.0,0.01,10.986659512900406,41.17647058823529,2.1008342931997266,2.647933022267505,17,11098.66595129004,45.95
25,20,1,0.003,2.0,3.0,0.01,10.986659512900406,41.17647058823529,2.1008342931997266,2.647933022267505,17,11098.66595129004,45.95
20,20,3,0.005,2.0,3.0,0.02,21.528700099265716,33.33333333333333,1.4226688010751392,9.010667935512991,39,12152.870009926572,45.91
30,20,1,0.002,2.0,2.0,0.02,7.992280652280952,45.45454545454545,1.6672566229492194,3.696948231432743,11,10799.228065228095,45.72
30,20,1,0.003,2.0,2.0,0.02,7.992280652280952,45.45454545454545,1.6672566229492194,3.696948231432743,11,10799.228065228095,45.72
25,20,3,0.002,2.0,2.0,0.02,12.938595733632955,42.30769230769231,1.4339917501571309,7.269093439940236,26,11293.859573363296,45.69
25,20,3,0.003,2.0,2.0,0.02,12.938595733632955,42.30769230769231,1.4339917501571309,7.269093439940236,26,11293.859573363296,45.69
25,20,3,0.005,2.0,2.0,0.02,12.938595733632955,42.30769230769231,1.4339917501571309,7.269093439940236,26,11293.859573363296,45.69
15,20,1,0.002,1.5,4.0,0.02,27.085177765113787,27.27272727272727,1.4603936027271298,11.361282699723011,44,12708.517776511379,45.61
15,20,1,0.005,1.5,4.0,0.02,27.085177765113787,27.27272727272727,1.4603936027271298,11.361282699723011,44,12708.517776511379,45.61
15,20,1,0.003,1.5,4.0,0.02,27.085177765113787,27.27272727272727,1.4603936027271298,11.361282699723011,44,12708.517776511379,45.61
30,20,2,0.002,2.0,4.0,0.01,11.98910536885769,38.46153846153847,2.500682413541625,2.9997558913369904,13,11198.910536885769,45.43
30,20,2,0.003,2.0,4.0,0.01,11.98910536885769,38.46153846153847,2.500682413541625,2.9997558913369904,13,11198.910536885769,45.43
15,20,2,0.002,1.5,5.0,0.02,29.11099439487747,22.916666666666664,1.4418225685922004,10.420961594160591,48,12911.099439487747,45.39
15,20,2,0.005,1.5,5.0,0.02,29.11099439487747,22.916666666666664,1.4418225685922004,10.420961594160591,48,12911.099439487747,45.39
15,20,3,0.002,2.0,4.0,0.01,19.983714721510566,30.0,1.7184697769975303,5.460916327205762,40,11998.371472151057,45.36
15,20,3,0.003,2.0,4.0,0.01,19.9830563193936,30.0,1.7184841995459916,5.460562504950481,40,11998.30563193936,45.36
15,20,3,0.005,2.0,4.0,0.01,19.983586963555627,30.0,1.7184530648172307,5.461020682923495,40,11998.358696355563,45.36
30,20,1,0.002,2.0,3.0,0.01,6.99761223327063,44.44444444444444,2.400600276306159,2.724214195617475,9,10699.761223327063,45.32
30,20,1,0.003,2.0,3.0,0.01,6.99761223327063,44.44444444444444,2.400600276306159,2.724214195617475,9,10699.761223327063,45.32
30,20,1,0.002,1.5,2.0,0.01,4.9966201694341,46.15384615384615,1.714931622159926,1.8639235378939862,13,10499.66201694341,45.29
30,20,1,0.003,1.5,2.0,0.01,4.9966201694341,46.15384615384615,1.714931622159926,1.8639235378939862,13,10499.66201694341,45.29
20,20,3,0.002,2.0,2.0,0.02,14.253185853190972,40.0,1.267384750427297,8.886417483769177,45,11425.318585319097,45.04
20,20,3,0.003,2.0,2.0,0.02,14.253185853190972,40.0,1.267384750427297,8.886417483769177,45,11425.318585319097,45.04
15,20,3,0.002,1.5,4.0,0.02,25.034835173090958,25.925925925925924,1.350069345586414,9.502432838134093,54,12503.483517309096,44.94
15,20,3,0.005,1.5,4.0,0.02,25.03430997851443,25.925925925925924,1.3500513958533908,9.502432838134093,54,12503.430997851443,44.94
30,20,2,0.002,2.0,2.0,0.01,5.994469506922851,44.44444444444444,1.6005473952824298,2.7429978379792748,18,10599.446950692285,44.91
30,20,2,0.003,2.0,2.0,0.01,5.994469506922851,44.44444444444444,1.6005473952824298,2.7429978379792748,18,10599.446950692285,44.91
30,20,3,0.005,2.0,2.0,0.01,5.994170112832617,44.44444444444444,1.6004653175781638,2.8820934332614447,18,10599.417011283262,44.87
30,20,3,0.003,2.0,2.0,0.01,5.994170112832617,44.44444444444444,1.6004653175781638,2.8820934332614447,18,10599.417011283262,44.87
30,20,3,0.002,2.0,2.0,0.01,5.994170112832617,44.44444444444444,1.6004653175781638,2.8820934332614447,18,10599.417011283262,44.87
30,20,1,0.005,2.0,3.0,0.02,11.99724409083239,40.0,2.0016217583500504,6.650567267685963,10,11199.72440908324,44.8
15,20,2,0.002,2.0,4.0,0.01,20.99437955364101,29.545454545454547,1.6823221460732307,8.254608987558106,44,12099.437955364101,44.79
15,20,2,0.005,2.0,4.0,0.01,20.99437955364101,29.545454545454547,1.6823221460732307,8.254608987558106,44,12099.437955364101,44.79
15,20,2,0.003,2.0,4.0,0.01,20.99353821199775,29.545454545454547,1.6823242642561782,8.254190158770745,44,12099.353821199775,44.78
25,20,1,0.005,2.0,3.0,0.01,9.980159012714685,38.88888888888889,1.9092892775838342,2.999637413075907,18,10998.015901271468,44.76
30,20,3,0.002,2.0,5.0,0.02,19.985412846066627,28.57142857142857,2.0022448511131827,6.218644364145434,14,11998.541284606663,44.7
30,20,3,0.003,2.0,5.0,0.02,19.985412846066627,28.57142857142857,2.0022448511131827,6.218644364145434,14,11998.541284606663,44.7
30,20,3,0.005,2.0,5.0,0.02,19.985412846066627,28.57142857142857,2.0022448511131827,6.218644364145434,14,11998.541284606663,44.7
30,20,2,0.005,2.0,5.0,0.02,19.969442804685478,28.57142857142857,2.0015069845166242,6.2185853059786265,14,11996.944280468548,44.69
20,20,3,0.005,2.0,2.0,0.02,13.39535298296014,40.0,1.2513476516416937,8.953207699556339,45,11339.535298296014,44.67
30,20,1,0.003,2.0,2.0,0.01,3.998070332008156,45.45454545454545,1.6669617319091492,1.9212855939293734,11,10399.807033200816,44.66
30,20,1,0.002,2.0,2.0,0.01,3.998070332008156,45.45454545454545,1.6669617319091492,1.9212855939293734,11,10399.807033200816,44.66
25,20,2,0.005,2.0,2.0,0.01,6.981770072887139,42.30769230769231,1.466891771875523,2.8784296807434844,26,10698.177007288714,44.62
25,20,2,0.003,2.0,2.0,0.01,6.981770072887139,42.30769230769231,1.466891771875523,2.8784296807434844,26,10698.177007288714,44.62
15,20,3,0.003,1.5,4.0,0.02,24.013375727105668,25.925925925925924,1.33578316940387,9.502432838134093,54,12401.337572710567,44.53
25,20,1,0.005,2.0,2.0,0.02,10.09112540337499,41.66666666666667,1.3623432732949317,7.269214842215073,24,11009.112540337499,44.36
25,20,3,0.002,2.0,2.0,0.01,6.98182600249871,42.30769230769231,1.4669398417639696,3.802280335331713,26,10698.182600249871,44.34
25,20,3,0.003,2.0,2.0,0.01,6.98182600249871,42.30769230769231,1.4669398417639696,3.802280335331713,26,10698.182600249871,44.34
25,20,3,0.005,2.0,2.0,0.01,6.98182600249871,42.30769230769231,1.4669398417639696,3.802280335331713,26,10698.182600249871,44.34
30,20,3,0.002,2.0,3.0,0.01,8.998606274216781,40.0,2.0015710350576414,4.374424457795376,15,10899.860627421678,44.29
30,20,3,0.003,2.0,3.0,0.01,8.998606274216781,40.0,2.0015710350576414,4.374424457795376,15,10899.860627421678,44.29
30,20,3,0.005,2.0,3.0,0.01,8.998616483135356,40.0,2.0015733094099897,4.374415501408246,15,10899.861648313536,44.29
20,20,3,0.002,2.0,2.0,0.01,8.986315265710001,40.0,1.3350980800940906,4.705406591312567,45,10898.631526571,44.18
20,20,3,0.003,2.0,2.0,0.01,8.986315265710001,40.0,1.3350980800940906,4.705406591312567,45,10898.631526571,44.18
20,20,3,0.005,2.0,2.0,0.01,8.985803738576433,40.0,1.3351512409286188,4.7043968407851295,45,10898.580373857643,44.18
25,20,2,0.002,2.0,2.0,0.02,9.601532567384947,40.0,1.3217986521811185,5.768524994940767,25,10960.153256738495,44.11
30,20,3,0.005,2.0,4.0,0.01,10.997458090961755,35.714285714285715,2.2239005581127187,3.4691119542588003,14,11099.745809096175,44.07
30,20,3,0.002,2.0,4.0,0.01,10.997458090961755,35.714285714285715,2.2239005581127187,3.4691119542588003,14,11099.745809096175,44.07
30,20,3,0.003,2.0,4.0,0.01,10.997458090961755,35.714285714285715,2.2239005581127187,3.4691119542588003,14,11099.745809096175,44.07
30,20,2,0.005,2.0,4.0,0.01,10.9925687465973,35.714285714285715,2.2233485902529124,3.4690254442585813,14,11099.25687465973,44.07
30,20,2,0.003,1.5,3.0,0.02,14.125021456523374,35.294117647058826,1.6492072281453611,7.893196679980234,17,11412.502145652337,43.87
30,20,2,0.002,1.5,3.0,0.02,14.125021456523374,35.294117647058826,1.6492072281453611,7.893196679980234,17,11412.502145652337,43.87
25,20,1,0.005,2.0,2.0,0.01,5.990447778226753,41.66666666666667,1.4290778137679199,3.8023133501019784,24,10599.044777822675,43.76
20,20,2,0.002,2.0,4.0,0.02,21.97861105016444,28.125,1.4922525985420385,11.817780242515946,32,12197.861105016444,43.68
20,20,2,0.003,2.0,4.0,0.02,21.97861105016444,28.125,1.4922525985420385,11.817780242515946,32,12197.861105016444,43.68
20,20,3,0.005,2.0,3.0,0.01,12.968772650015126,33.33333333333333,1.5017631990027769,5.139559703051528,39,11296.877265001513,43.65
20,20,3,0.003,2.0,3.0,0.01,12.96722839542188,33.33333333333333,1.5016767112665137,5.139794345723579,39,11296.722839542188,43.64
20,20,3,0.002,2.0,3.0,0.01,12.96722839542188,33.33333333333333,1.5016767112665137,5.139794345723579,39,11296.722839542188,43.64
15,20,3,0.005,1.5,5.0,0.02,24.584246550814402,22.916666666666664,1.3683846963291213,10.42041006944948,48,12458.42465508144,43.58
15,20,3,0.002,1.5,5.0,0.02,24.58424471327802,22.916666666666664,1.3683818909012828,10.42041006944948,48,12458.424471327802,43.58
20,20,2,0.003,2.0,2.0,0.02,13.760537995003705,38.88888888888889,1.2116784373800866,12.052171454907118,54,11376.05379950037,43.56
20,20,2,0.002,2.0,2.0,0.02,13.760537995003705,38.88888888888889,1.2116784373800866,12.052171454907118,54,11376.05379950037,43.56
15,20,1,0.005,1.5,5.0,0.02,24.67656026943887,22.5,1.4382409532803753,10.46274543763809,40,12467.656026943887,43.48
15,20,1,0.002,1.5,5.0,0.02,24.67656026943887,22.5,1.4382409532803753,10.46274543763809,40,12467.656026943887,43.48
15,20,1,0.003,1.5,5.0,0.02,24.67656026943887,22.5,1.4382409532803753,10.46274543763809,40,12467.656026943887,43.48
30,20,1,0.005,2.0,3.0,0.01,5.999312584023174,40.0,2.0008108625565066,3.6318081205835058,10,10599.931258402317,43.31
20,20,2,0.003,2.0,2.0,0.01,8.991416996601528,38.88888888888889,1.2746430058480531,6.751834018527491,54,10899.141699660153,43.24
20,20,2,0.002,2.0,2.0,0.01,8.991416996601528,38.88888888888889,1.2746430058480531,6.751834018527491,54,10899.141699660153,43.24
25,20,2,0.002,2.0,2.0,0.01,4.985457162372695,40.0,1.3332830606345054,2.93593083872149,25,10498.54571623727,43.11
15,20,3,0.003,1.5,5.0,0.02,23.305412251171965,22.916666666666664,1.3492234803111816,10.42041006944948,48,12330.541225117197,43.07
30,20,1,0.003,1.5,4.0,0.02,12.002257700219051,33.33333333333333,2.0024212034164486,6.6470493400885085,9,11200.225770021905,42.81
30,20,1,0.002,1.5,4.0,0.02,12.002257700219051,33.33333333333333,2.0024212034164486,6.6470493400885085,9,11200.225770021905,42.81
30,20,2,0.003,2.0,5.0,0.01,10.988908703412163,30.76923076923077,2.2225807424467248,2.9997558913369904,13,11098.890870341216,42.73
30,20,2,0.002,2.0,5.0,0.01,10.988908703412163,30.76923076923077,2.2225807424467248,2.9997558913369904,13,11098.890870341216,42.73
20,20,2,0.005,2.0,4.0,0.02,19.97385020285885,27.27272727272727,1.4284428767196435,11.817780242515946,33,11997.385020285885,42.63
20,20,2,0.005,2.0,2.0,0.01,7.991863060701634,38.18181818181819,1.2369564843267733,6.807942829819962,55,10799.186306070163,42.61
15,20,3,0.005,1.5,4.0,0.01,16.050298610546033,25.925925925925924,1.4069753241231486,5.571694386373924,54,11605.029861054603,42.53
15,20,3,0.003,1.5,4.0,0.01,16.049142509659507,25.925925925925924,1.4069945958067305,5.570861149624322,54,11604.91425096595,42.53
15,20,3,0.002,1.5,4.0,0.01,16.050404928128955,25.925925925925924,1.4069841695176797,5.5715888631330746,54,11605.040492812896,42.53
15,20,2,0.002,1.5,4.0,0.02,23.238073905715645,24.561403508771928,1.3047885200923932,13.859409482184478,57,12323.807390571565,42.51
15,20,2,0.005,1.5,4.0,0.02,23.238073905715645,24.561403508771928,1.3047885200923932,13.859409482184478,57,12323.807390571565,42.51
20,20,2,0.005,2.0,2.0,0.02,11.764728636128185,38.18181818181819,1.1756937111879258,12.233835953398032,55,11176.472863612818,42.49
15,20,1,0.003,1.5,4.0,0.01,16.04197894333156,27.27272727272727,1.507129090665942,7.2812572772268185,44,11604.197894333156,42.41
15,20,1,0.002,1.5,4.0,0.01,16.04197894333156,27.27272727272727,1.507129090665942,7.2812572772268185,44,11604.197894333156,42.41
15,20,1,0.005,1.5,4.0,0.01,16.04197894333156,27.27272727272727,1.507129090665942,7.2812572772268185,44,11604.197894333156,42.41
15,20,2,0.002,1.5,5.0,0.01,18.062417616807725,22.916666666666664,1.494701066344028,5.710921486346914,48,11806.241761680772,42.39
15,20,2,0.005,1.5,5.0,0.01,18.062417616807725,22.916666666666664,1.494701066344028,5.710921486346914,48,11806.241761680772,42.39
20,20,3,0.005,2.0,4.0,0.02,16.6170275068979,26.666666666666668,1.3900874257176667,7.736637363358405,30,11661.70275068979,42.33
15,20,3,0.003,1.5,5.0,0.01,18.03362485078609,22.916666666666664,1.4939299776715327,6.232375661419725,48,11803.36248507861,42.22
15,20,3,0.002,1.5,5.0,0.01,18.035058966648375,22.916666666666664,1.4939123895985567,6.233291151180319,48,11803.505896664838,42.22
15,20,3,0.005,1.5,5.0,0.01,18.0350481730271,22.916666666666664,1.4939139920556486,6.233243038613216,48,11803.50481730271,42.22
25,20,1,0.002,2.0,2.0,0.01,3.994186911357392,39.130434782608695,1.2859654817347188,3.878024000245397,23,10399.41869113574,42.17
25,20,1,0.003,2.0,2.0,0.01,3.994186911357392,39.130434782608695,1.2859654817347188,3.878024000245397,23,10399.41869113574,42.17
30,20,2,0.005,1.5,3.0,0.02,12.374191870092545,33.33333333333333,1.5263783972660847,9.306237521560186,18,11237.419187009255,42.16
20,20,3,0.002,2.0,4.0,0.02,16.350430136580087,26.666666666666668,1.381590202920065,7.996378153712066,30,11635.043013658009,42.14
20,20,3,0.003,2.0,4.0,0.02,16.350430136580087,26.666666666666668,1.381590202920065,7.996378153712066,30,11635.043013658009,42.14
15,20,2,0.003,1.5,4.0,0.02,22.215731177484322,24.561403508771928,1.291370815145791,13.959602004829197,57,12221.573117748432,42.07
25,20,1,0.002,2.0,2.0,0.02,6.444805421177498,39.130434782608695,1.2312278166117079,7.526420271271622,23,10644.48054211775,42.06
25,20,1,0.003,2.0,2.0,0.02,6.444805421177498,39.130434782608695,1.2312278166117079,7.526420271271622,23,10644.48054211775,42.06
30,20,2,0.002,1.5,3.0,0.01,6.99613164214863,35.294117647058826,1.6374936331208867,4.447479881669972,17,10699.613164214863,42.05
30,20,2,0.003,1.5,3.0,0.01,6.99613164214863,35.294117647058826,1.6374936331208867,4.447479881669972,17,10699.613164214863,42.05
30,20,2,0.005,1.5,2.0,0.02,5.683789834327635,38.095238095238095,1.2210599067906225,5.584195037718012,21,10568.378983432764,42.03
20,20,2,0.002,2.0,4.0,0.01,12.940269064952718,28.125,1.5653930041660444,5.996973350694134,32,11294.026906495272,41.81
20,20,2,0.003,2.0,4.0,0.01,12.940269064952718,28.125,1.5653930041660444,5.996973350694134,32,11294.026906495272,41.81
20,20,3,0.002,1.5,3.0,0.01,10.950265996182043,30.612244897959183,1.3253211003033802,5.960001426215093,49,11095.026599618204,41.78
20,20,3,0.003,1.5,3.0,0.01,10.950265996182043,30.612244897959183,1.3253211003033802,5.960001426215093,49,11095.026599618204,41.78
30,20,2,0.005,1.5,2.0,0.01,2.9997676126043187,38.095238095238095,1.231415302975102,2.8153601139312254,21,10299.976761260432,41.78
30,20,3,0.002,2.0,5.0,0.01,9.996358450581575,28.57142857142857,2.00112277884788,3.499611068684335,14,10999.635845058157,41.52
30,20,3,0.005,2.0,5.0,0.01,9.996358450581575,28.57142857142857,2.00112277884788,3.499611068684335,14,10999.635845058157,41.52
30,20,3,0.003,2.0,5.0,0.01,9.996358450581575,28.57142857142857,2.00112277884788,3.499611068684335,14,10999.635845058157,41.52
30,20,2,0.005,2.0,5.0,0.01,9.992364665179648,28.57142857142857,2.0007543342559955,3.499491880684977,14,10999.236466517965,41.52
15,20,3,0.002,2.0,3.0,0.02,17.854422087817728,29.629629629629626,1.2443668857455423,15.126351820118611,54,11785.442208781773,41.49
15,20,3,0.005,2.0,3.0,0.02,17.854990760995786,29.629629629629626,1.244383499738649,15.125857611337116,54,11785.499076099579,41.49
25,20,2,0.003,2.0,3.0,0.02,12.119322710705092,31.818181818181817,1.408526447060928,9.909855791369496,22,11211.93227107051,41.42
25,20,2,0.005,2.0,3.0,0.02,12.119322710705092,31.818181818181817,1.408526447060928,9.909855791369496,22,11211.93227107051,41.42
20,20,2,0.002,1.5,3.0,0.01,9.92527984071001,30.0,1.2864434363735373,5.193170175004937,50,10992.527984071,41.41
20,20,2,0.003,1.5,3.0,0.01,9.92527984071001,30.0,1.2864434363735373,5.193170175004937,50,10992.527984071,41.41
30,20,1,0.002,1.5,4.0,0.01,6.000567357688633,33.33333333333333,2.0012104197291816,3.630853526484075,9,10600.056735768863,41.31
30,20,1,0.003,1.5,4.0,0.01,6.000567357688633,33.33333333333333,2.0012104197291816,3.630853526484075,9,10600.056735768863,41.31
15,20,3,0.003,2.0,3.0,0.02,17.205236698117716,29.629629629629626,1.2354821948128965,15.197361946863408,54,11720.523669811771,41.21
20,20,3,0.005,1.5,3.0,0.01,9.94521470966967,30.0,1.2871043602405823,6.008660345767662,50,10994.521470966967,41.18
20,20,2,0.005,2.0,4.0,0.01,11.938441857016697,27.27272727272727,1.4999420531868686,5.996973350694134,33,11193.84418570167,41.16
30,20,2,0.002,1.5,4.0,0.02,12.137974182549515,28.57142857142857,1.6134822478899327,8.035340668735337,14,11213.797418254951,41.02
30,20,2,0.003,1.5,4.0,0.02,12.137974182549515,28.57142857142857,1.6134822478899327,8.035340668735337,14,11213.797418254951,41.02
30,20,3,0.003,1.5,2.0,0.01,2.0020768480429614,36.36363636363637,1.1434319008989833,2.8412565110684214,22,10200.207684804296,40.86
30,20,3,0.005,1.5,2.0,0.01,2.0020768480429614,36.36363636363637,1.1434319008989833,2.8412565110684214,22,10200.207684804296,40.86
30,20,3,0.002,1.5,2.0,0.01,2.0020768480429614,36.36363636363637,1.1434319008989833,2.8412565110684214,22,10200.207684804296,40.86
30,20,3,0.003,1.5,3.0,0.02,10.46218080908533,31.57894736842105,1.4117194556557777,9.385942696323873,19,11046.218080908533,40.84
30,20,3,0.002,1.5,3.0,0.02,10.46218080908533,31.57894736842105,1.4117194556557777,9.385942696323873,19,11046.218080908533,40.84
30,20,3,0.005,1.5,3.0,0.02,10.462221367154035,31.57894736842105,1.4117217088857965,9.385909425831326,19,11046.222136715403,40.84
20,20,2,0.005,1.5,3.0,0.01,8.924685320560474,29.411764705882355,1.2504479893663878,5.236971269928572,51,10892.468532056047,40.82
30,20,2,0.005,1.5,3.0,0.01,6.001676804494837,33.33333333333333,1.5014397753810296,5.335574286797538,18,10600.167680449484,40.8
20,20,3,0.003,1.5,3.0,0.02,12.735480301891638,30.612244897959183,1.1989439418323715,11.719484546063816,49,11273.548030189164,40.76
20,20,3,0.002,1.5,3.0,0.02,12.735480301891638,30.612244897959183,1.1989439418323715,11.719484546063816,49,11273.548030189164,40.76
30,20,3,0.002,1.5,2.0,0.02,3.77245895850594,36.36363636363637,1.1366076461825507,5.609879286959919,22,10377.245895850594,40.74
30,20,3,0.003,1.5,2.0,0.02,3.77245895850594,36.36363636363637,1.1366076461825507,5.609879286959919,22,10377.245895850594,40.74
30,20,3,0.005,1.5,2.0,0.02,3.77245895850594,36.36363636363637,1.1366076461825507,5.609879286959919,22,10377.245895850594,40.74
20,20,3,0.002,2.0,4.0,0.01,9.99139040640739,26.666666666666668,1.4563330351616177,4.3207149568910665,30,10999.139040640739,40.7
20,20,3,0.003,2.0,4.0,0.01,9.99139040640739,26.666666666666668,1.4563330351616177,4.3207149568910665,30,10999.139040640739,40.7
20,20,3,0.005,2.0,4.0,0.01,9.992457852116878,26.666666666666668,1.4563580015192978,4.3209611938523595,30,10999.245785211688,40.7
20,20,3,0.005,1.5,4.0,0.02,15.27110163881076,25.581395348837212,1.2576343187629333,10.364809002799074,43,11527.110163881076,40.67
30,20,1,0.005,1.5,4.0,0.02,10.240525769287615,30.0,1.7455788739390832,8.11543825832289,10,11024.052576928761,40.66
20,20,3,0.005,1.5,4.0,0.01,11.924944055984742,25.581395348837212,1.3759165552345793,6.08451452837446,43,11192.494405598474,40.62
20,20,3,0.005,2.0,5.0,0.02,19.51677244083643,23.333333333333332,1.4376560104032705,14.037273404053046,30,11951.677244083643,40.6
25,20,1,0.002,1.5,4.0,0.02,11.35989907639636,27.77777777777778,1.4681270756141764,7.751128145464035,18,11135.989907639636,40.55
25,20,1,0.003,1.5,4.0,0.02,11.35989907639636,27.77777777777778,1.4681270756141764,7.751128145464035,18,11135.989907639636,40.55
25,20,3,0.002,2.0,4.0,0.02,12.48503755126996,26.31578947368421,1.456088274067536,7.857591724164326,19,11248.503755126996,40.53
25,20,3,0.003,2.0,4.0,0.02,12.48503755126996,26.31578947368421,1.456088274067536,7.857591724164326,19,11248.503755126996,40.53
25,20,3,0.005,2.0,4.0,0.02,12.48503755126996,26.31578947368421,1.456088274067536,7.857591724164326,19,11248.503755126996,40.53
25,20,3,0.002,2.0,5.0,0.02,14.466178202311786,23.52941176470588,1.5695787756353736,7.824739724173069,17,11446.617820231178,40.5
25,20,3,0.005,2.0,5.0,0.02,14.466178202311786,23.52941176470588,1.5695787756353736,7.824739724173069,17,11446.617820231178,40.5
25,20,3,0.003,2.0,5.0,0.02,14.466178202311786,23.52941176470588,1.5695787756353736,7.824739724173069,17,11446.617820231178,40.5
25,20,1,0.003,2.0,4.0,0.02,10.76054594792342,26.666666666666668,1.5085481350235306,6.091129650766886,15,11076.054594792342,40.48
20,20,3,0.003,2.0,5.0,0.02,19.249358692447675,23.333333333333332,1.4292589952077257,14.06132122398038,30,11924.935869244768,40.48
20,20,3,0.002,2.0,5.0,0.02,19.249358692447675,23.333333333333332,1.4292589952077257,14.06132122398038,30,11924.935869244768,40.48
25,20,1,0.002,2.0,4.0,0.02,10.76054594792342,26.666666666666668,1.5085481350235306,6.091129650766886,15,11076.054594792342,40.48
20,20,2,0.003,1.5,3.0,0.02,11.765274235458692,30.0,1.1812109745733235,10.809317838747774,50,11176.52742354587,40.46
20,20,2,0.002,1.5,3.0,0.02,11.765274235458692,30.0,1.1812109745733235,10.809317838747774,50,11176.52742354587,40.46
15,20,1,0.002,1.5,5.0,0.01,14.066918087026206,22.5,1.4587835724037812,6.469272981556562,40,11406.69180870262,40.44
15,20,1,0.003,1.5,5.0,0.01,14.066918087026206,22.5,1.4587835724037812,6.469272981556562,40,11406.69180870262,40.44
15,20,1,0.005,1.5,5.0,0.01,14.066918087026206,22.5,1.4587835724037812,6.469272981556562,40,11406.69180870262,40.44
25,20,3,0.002,2.0,3.0,0.02,10.456936612524242,30.434782608695656,1.3338756421968083,9.7943514360124,23,11045.693661252424,40.37
25,20,3,0.003,2.0,3.0,0.02,10.456936612524242,30.434782608695656,1.3338756421968083,9.7943514360124,23,11045.693661252424,40.37
25,20,3,0.005,2.0,3.0,0.02,10.456936612524242,30.434782608695656,1.3338756421968083,9.7943514360124,23,11045.693661252424,40.37
25,20,2,0.005,2.0,3.0,0.01,5.9867687050887435,31.818181818181817,1.400224388532392,5.432398631443427,22,10598.676870508874,40.31
25,20,2,0.003,2.0,3.0,0.01,5.9867687050887435,31.818181818181817,1.400224388532392,5.432398631443427,22,10598.676870508874,40.31
25,20,1,0.002,1.5,3.0,0.02,8.428312965075948,31.57894736842105,1.347452529071122,8.65701629404637,19,10842.831296507595,40.25
25,20,1,0.003,1.5,3.0,0.02,8.428312965075948,31.57894736842105,1.347452529071122,8.65701629404637,19,10842.831296507595,40.25
20,20,2,0.002,1.5,4.0,0.02,13.902209655715323,25.0,1.2553531319550593,9.393745629710102,40,11390.220965571532,40.24
20,20,2,0.003,1.5,4.0,0.02,13.902209655715323,25.0,1.2553531319550593,9.393745629710102,40,11390.220965571532,40.24
15,20,3,0.002,2.0,3.0,0.01,10.051860512963776,29.629629629629626,1.2668342730041113,8.98921296811727,54,11005.186051296378,40.21
15,20,3,0.003,2.0,3.0,0.01,10.051781787718028,29.629629629629626,1.266847136542517,8.988546210398527,54,11005.178178771803,40.21
15,20,3,0.005,2.0,3.0,0.01,10.052014971128902,29.629629629629626,1.2668433329457818,8.989058556580613,54,11005.20149711289,40.21
20,20,1,0.002,2.0,2.0,0.01,4.020447399957411,36.36363636363637,1.144481491977006,7.8950535731999425,44,10402.044739995741,40.15
20,20,1,0.003,2.0,2.0,0.01,4.020447399957411,36.36363636363637,1.144481491977006,7.8950535731999425,44,10402.044739995741,40.15
20,20,1,0.005,2.0,2.0,0.01,4.0204585097518795,36.36363636363637,1.1444778405536569,7.895342373678347,44,10402.045850975188,40.15
25,20,1,0.005,1.5,2.0,0.01,1.888987108306792,35.714285714285715,1.1054415293008368,4.755929606460177,28,10188.89871083068,40.04
25,20,2,0.003,1.5,2.0,0.01,2.0096978856653913,35.483870967741936,1.1010266817628325,4.681768213135188,31,10200.96978856654,40.04
25,20,2,0.005,1.5,2.0,0.01,2.0096978856653913,35.483870967741936,1.1010266817628325,4.681768213135188,31,10200.96978856654,40.04
15,20,2,0.005,1.5,4.0,0.01,13.130689518628005,24.561403508771928,1.3098787006785126,8.643841364378439,57,11313.0689518628,40.03
15,20,2,0.002,1.5,4.0,0.01,13.130689518628005,24.561403508771928,1.3098787006785126,8.643841364378439,57,11313.0689518628,40.03
15,20,2,0.003,1.5,4.0,0.01,13.12972165612973,24.561403508771928,1.3098859014504562,8.642823593590036,57,11312.972165612973,40.03
25,20,1,0.002,1.5,3.0,0.01,4.810167524394746,31.57894736842105,1.3711873404432895,4.567711479871889,19,10481.016752439475,40.03
25,20,1,0.003,1.5,3.0,0.01,4.810167524394746,31.57894736842105,1.3711873404432895,4.567711479871889,19,10481.016752439475,40.03
15,20,3,0.002,1.5,3.0,0.01,10.147901457270091,28.78787878787879,1.2194207563046424,9.009698206273404,66,11014.790145727009,39.99
15,20,3,0.003,1.5,3.0,0.01,10.147257612359518,28.78787878787879,1.2194301855133658,9.008432992034928,66,11014.725761235952,39.99
15,20,3,0.005,1.5,3.0,0.01,10.147929285812298,28.78787878787879,1.2194247896707997,9.009569309182472,66,11014.79292858123,39.99
20,20,2,0.002,1.5,4.0,0.01,9.93720069717232,25.0,1.3339053136228458,4.997747309748338,40,10993.720069717232,39.98
20,20,2,0.003,1.5,4.0,0.01,9.93720069717232,25.0,1.3339053136228458,4.997747309748338,40,10993.720069717232,39.98
20,20,2,0.002,2.0,5.0,0.02,17.0449477706578,22.22222222222222,1.4199867510629522,11.817780242515946,27,11704.49477706578,39.94
20,20,2,0.003,2.0,5.0,0.02,17.0449477706578,22.22222222222222,1.4199867510629522,11.817780242515946,27,11704.49477706578,39.94
20,20,2,0.005,2.0,5.0,0.02,17.0449477706578,22.22222222222222,1.4199867510629522,11.817780242515946,27,11704.49477706578,39.94
20,20,2,0.002,2.0,3.0,0.01,6.963115108849742,29.72972972972973,1.2692782423321112,5.996973350694134,37,10696.311510884974,39.91
20,20,2,0.003,2.0,3.0,0.01,6.963115108849742,29.72972972972973,1.2692782423321112,5.996973350694134,37,10696.311510884974,39.91
30,20,3,0.002,1.5,3.0,0.01,5.004024229296483,31.57894736842105,1.3859870860668813,5.381305948144769,19,10500.402422929648,39.86
30,20,3,0.003,1.5,3.0,0.01,5.004024229296483,31.57894736842105,1.3859870860668813,5.381305948144769,19,10500.402422929648,39.86
30,20,3,0.005,1.5,3.0,0.01,5.004034416505601,31.57894736842105,1.3859881751677818,5.381296768492579,19,10500.40344165056,39.86
15,20,1,0.002,1.5,3.0,0.01,8.127527635318765,28.57142857142857,1.205847450579407,7.112091067233753,56,10812.752763531877,39.69
15,20,1,0.003,1.5,3.0,0.01,8.127527635318765,28.57142857142857,1.205847450579407,7.112091067233753,56,10812.752763531877,39.69
15,20,1,0.005,1.5,3.0,0.01,8.127527635318765,28.57142857142857,1.205847450579407,7.112091067233753,56,10812.752763531877,39.69
25,20,2,0.003,1.5,2.0,0.02,3.975366913941234,35.483870967741936,1.1045619327458769,8.514654285513695,31,10397.536691394123,39.68
25,20,2,0.005,1.5,2.0,0.02,3.975366913941234,35.483870967741936,1.1045619327458769,8.514654285513695,31,10397.536691394123,39.68
25,20,1,0.002,1.5,4.0,0.01,6.743166604431063,27.77777777777778,1.5202398093681821,4.52844836732896,18,10674.316660443106,39.67
25,20,1,0.003,1.5,4.0,0.01,6.743166604431063,27.77777777777778,1.5202398093681821,4.52844836732896,18,10674.316660443106,39.67
30,20,1,0.005,1.5,4.0,0.01,5.002986191876735,30.0,1.715643252612001,4.537792497508124,10,10500.298619187673,39.64
30,20,2,0.002,1.5,4.0,0.01,5.999301325492797,28.57142857142857,1.6010406114186222,4.491346211544551,14,10599.93013254928,39.62
30,20,2,0.003,1.5,4.0,0.01,5.999301325492797,28.57142857142857,1.6010406114186222,4.491346211544551,14,10599.93013254928,39.62
25,20,1,0.005,1.5,4.0,0.02,9.945226717729511,26.31578947368421,1.387768199948658,7.836137216840925,19,10994.522671772951,39.52
30,20,2,0.002,1.5,2.0,0.01,1.007756472879264,35.0,1.0777329786966736,4.694906929913796,20,10100.775647287926,39.49
30,20,2,0.003,1.5,2.0,0.01,1.007756472879264,35.0,1.0777329786966736,4.694906929913796,20,10100.775647287926,39.49
25,20,3,0.002,2.0,3.0,0.01,4.990102456388267,30.434782608695656,1.3128043341408207,5.479829634378989,23,10499.010245638827,39.48
15,20,1,0.003,2.0,2.0,0.01,3.0367662639966695,34.92063492063492,1.0747414610332906,7.378830196570231,63,10303.676626399667,39.48
15,20,1,0.002,2.0,2.0,0.01,3.0367662639966695,34.92063492063492,1.0747414610332906,7.378830196570231,63,10303.676626399667,39.48
15,20,1,0.005,2.0,2.0,0.01,3.0367662639966695,34.92063492063492,1.0747414610332906,7.378830196570231,63,10303.676626399667,39.48
25,20,3,0.003,2.0,3.0,0.01,4.990102456388267,30.434782608695656,1.3128043341408207,5.479829634378989,23,10499.010245638827,39.48
25,20,3,0.005,2.0,3.0,0.01,4.990102456388267,30.434782608695656,1.3128043341408207,5.479829634378989,23,10499.010245638827,39.48
20,20,3,0.005,1.5,3.0,0.02,10.142072072885675,30.0,1.1551136448501258,11.962714038090125,50,11014.207207288568,39.47
20,20,2,0.002,2.0,3.0,0.02,10.192109540099972,29.72972972972973,1.2006171136834396,11.817780242515946,37,11019.210954009997,39.45
20,20,2,0.003,2.0,3.0,0.02,10.192109540099972,29.72972972972973,1.2006171136834396,11.817780242515946,37,11019.210954009997,39.45
20,20,2,0.005,1.5,3.0,0.02,9.769517196297784,29.411764705882355,1.1460981486898647,10.979077773871916,51,10976.951719629778,39.44
15,20,3,0.002,1.5,3.0,0.02,13.25045262177773,28.78787878787879,1.1562852612036103,15.087072451067055,66,11325.045262177773,39.41
15,20,3,0.005,1.5,3.0,0.02,13.250792598863937,28.78787878787879,1.1562939559338952,15.086691748139422,66,11325.079259886394,39.41
25,20,1,0.002,2.0,5.0,0.02,10.75299297231184,23.076923076923077,1.560753644215556,6.096280361375954,13,11075.299297231184,39.4
25,20,1,0.003,2.0,5.0,0.02,10.75299297231184,23.076923076923077,1.560753644215556,6.096280361375954,13,11075.299297231184,39.4
20,20,2,0.005,1.5,4.0,0.01,8.937870008101562,24.390243902439025,1.2906852334580463,4.997747309748338,41,10893.787000810156,39.39
30,20,1,0.002,2.0,4.0,0.02,5.998093057616443,28.57142857142857,1.6004454089195148,5.34837368580649,7,10599.809305761644,39.37
30,20,1,0.003,2.0,4.0,0.02,5.998093057616443,28.57142857142857,1.6004454089195148,5.34837368580649,7,10599.809305761644,39.37
15,20,1,0.005,2.0,4.0,0.02,15.92189754587049,24.390243902439025,1.2674586300807096,14.496093807226796,41,11592.189754587049,39.34
15,20,1,0.002,2.0,4.0,0.02,15.92189754587049,24.390243902439025,1.2674586300807096,14.496093807226796,41,11592.189754587049,39.34
15,20,1,0.003,2.0,4.0,0.02,15.92189754587049,24.390243902439025,1.2674586300807096,14.496093807226796,41,11592.189754587049,39.34
20,20,3,0.002,2.0,5.0,0.01,11.99050700409147,23.333333333333332,1.5237658800004097,8.218631233001773,30,11199.050700409147,39.33
20,20,3,0.003,2.0,5.0,0.01,11.99050700409147,23.333333333333332,1.5237658800004097,8.218631233001773,30,11199.050700409147,39.33
20,20,3,0.005,2.0,5.0,0.01,11.991712920818154,23.333333333333332,1.523790863569857,8.219076453497193,30,11199.171292081815,39.33
15,20,1,0.002,1.5,3.0,0.02,10.932894618049213,28.57142857142857,1.1459708586546518,12.095858123392512,56,11093.289461804921,39.32
15,20,1,0.003,1.5,3.0,0.02,10.932894618049213,28.57142857142857,1.1459708586546518,12.095858123392512,56,11093.289461804921,39.32
15,20,1,0.005,1.5,3.0,0.02,10.932894618049213,28.57142857142857,1.1459708586546518,12.095858123392512,56,11093.289461804921,39.32
30,20,2,0.005,1.5,4.0,0.02,10.383931601925779,26.666666666666668,1.4820897896078138,9.47383578651763,15,11038.393160192578,39.31
25,20,2,0.002,1.5,2.0,0.01,1.0104041609565502,34.375,1.0483718515062161,4.725471930266481,32,10101.040416095655,39.3
20,20,2,0.005,2.0,3.0,0.01,5.962580800844844,28.947368421052634,1.2220706537353636,5.996973350694134,38,10596.258080084484,39.27
20,20,2,0.005,1.5,4.0,0.02,11.909639467187134,24.390243902439025,1.2111777559151933,9.393745629710102,41,11190.963946718713,39.26
15,20,3,0.002,2.0,2.0,0.01,4.0748297790379,35.2112676056338,1.0895874499859621,9.867681172415214,71,10407.48297790379,39.23
15,20,3,0.003,2.0,2.0,0.01,4.074655570460528,35.2112676056338,1.089587941174201,9.867681172415214,71,10407.465557046053,39.23
15,20,3,0.005,2.0,2.0,0.01,4.075006654223216,35.2112676056338,1.0895902421362007,9.867681172415214,71,10407.500665422322,39.23
25,20,1,0.005,1.5,3.0,0.02,7.016440045082854,30.0,1.273672270115168,8.753587943474466,20,10701.644004508285,39.18
25,20,1,0.005,1.5,3.0,0.01,3.805942843876546,30.0,1.2728082383646169,4.607172663211362,20,10380.594284387655,39.14
15,20,2,0.003,1.5,5.0,0.02,20.05549802464153,21.153846153846153,1.2722836970873717,17.612173866730878,52,12005.549802464153,39.08
15,20,3,0.003,1.5,3.0,0.02,12.487118034274298,28.78787878787879,1.1472822274353085,15.17417442137591,66,11248.71180342743,39.08
20,20,3,0.002,1.5,4.0,0.02,12.271243962567642,24.390243902439025,1.2150428325639,10.644610706056877,41,11227.124396256764,39.03
20,20,3,0.003,1.5,4.0,0.02,12.271243962567642,24.390243902439025,1.2150428325639,10.644610706056877,41,11227.124396256764,39.03
20,20,3,0.002,1.5,4.0,0.01,8.934875067390475,24.390243902439025,1.2906110503597696,6.2531923845701884,41,10893.487506739048,39.02
20,20,3,0.003,1.5,4.0,0.01,8.934875067390475,24.390243902439025,1.2906110503597696,6.2531923845701884,41,10893.487506739048,39.02
15,20,2,0.003,1.5,5.0,0.01,14.127914572683183,21.153846153846153,1.3493703877239591,10.009287540331567,52,11412.791457268318,38.99
20,20,3,0.003,1.5,2.0,0.01,2.026302906542478,34.54545454545455,1.0569200717531877,7.295809543189831,55,10202.630290654248,38.99
20,20,3,0.002,1.5,2.0,0.01,2.026302906542478,34.54545454545455,1.0569200717531877,7.295809543189831,55,10202.630290654248,38.99
20,20,2,0.002,1.5,2.0,0.01,2.035185253670861,34.375,1.0490450638811764,7.161229535438546,64,10203.518525367086,38.98
20,20,2,0.003,1.5,2.0,0.01,2.035185253670861,34.375,1.0490450638811764,7.161229535438546,64,10203.518525367086,38.98
25,20,3,0.002,2.0,4.0,0.01,5.997230285108908,26.31578947368421,1.4293966389671457,4.486385586105024,19,10599.72302851089,38.95
25,20,3,0.003,2.0,4.0,0.01,5.997230285108908,26.31578947368421,1.4293966389671457,4.486385586105024,19,10599.72302851089,38.95
25,20,3,0.005,2.0,4.0,0.01,5.997230285108908,26.31578947368421,1.4293966389671457,4.486385586105024,19,10599.72302851089,38.95
30,20,1,0.002,2.0,4.0,0.01,2.9995239743629463,28.57142857142857,1.6002228277900354,2.8277978553182854,7,10299.952397436295,38.92
30,20,1,0.003,2.0,4.0,0.01,2.9995239743629463,28.57142857142857,1.6002228277900354,2.8277978553182854,7,10299.952397436295,38.92
15,20,2,0.002,2.0,5.0,0.02,17.503121615385588,21.21212121212121,1.34915304285107,14.861839535938714,33,11750.312161538559,38.91
15,20,2,0.005,2.0,5.0,0.02,17.503121615385588,21.21212121212121,1.34915304285107,14.861839535938714,33,11750.312161538559,38.91
25,20,1,0.002,2.0,4.0,0.01,4.99905735942817,26.666666666666668,1.4552500846807028,3.658365318321853,15,10499.905735942817,38.9
25,20,1,0.003,2.0,4.0,0.01,4.99905735942817,26.666666666666668,1.4552500846807028,3.658365318321853,15,10499.905735942817,38.9
25,20,1,0.005,1.5,4.0,0.01,5.737624559977157,26.31578947368421,1.4111883245047148,4.567210281107395,19,10573.762455997716,38.82
20,20,1,0.003,2.0,2.0,0.02,5.846887844110625,36.36363636363637,1.1056666375136361,14.757651462915872,44,10584.688784411062,38.82
20,20,1,0.005,2.0,2.0,0.02,5.846786157667102,36.36363636363637,1.1056588839173729,14.758665745887543,44,10584.67861576671,38.82
20,20,1,0.002,2.0,2.0,0.02,5.846887844110625,36.36363636363637,1.1056666375136361,14.757651462915872,44,10584.688784411062,38.82
30,20,2,0.002,1.5,2.0,0.02,2.171201554800318,35.0,1.0844257422171462,8.722271846210022,20,10217.120155480032,38.75
30,20,2,0.003,1.5,2.0,0.02,2.171201554800318,35.0,1.0844257422171462,8.722271846210022,20,10217.120155480032,38.75
25,20,1,0.005,2.0,4.0,0.02,8.918273047058065,25.0,1.388241891172207,7.824704053831974,16,10891.827304705806,38.72
25,20,1,0.005,1.5,2.0,0.02,2.3478982094747334,35.714285714285715,1.0688447350030927,9.822806578636905,28,10234.789820947473,38.71
30,20,1,0.002,1.5,5.0,0.02,8.000965701557343,25.0,1.6679000474693992,6.8799541438922835,8,10800.096570155734,38.64
30,20,1,0.003,1.5,5.0,0.02,8.000965701557343,25.0,1.6679000474693992,6.8799541438922835,8,10800.096570155734,38.64
25,20,3,0.005,1.5,2.0,0.01,0.015994550138711927,33.33333333333333,1.0007312490237217,4.7734884864981995,33,10001.599455013871,38.57
25,20,3,0.002,1.5,2.0,0.01,0.015994550138711927,33.33333333333333,1.0007312490237217,4.7734884864981995,33,10001.599455013871,38.57
25,20,3,0.003,1.5,2.0,0.01,0.015994550138711927,33.33333333333333,1.0007312490237217,4.7734884864981995,33,10001.599455013871,38.57
25,20,3,0.002,2.0,5.0,0.01,6.992386756324759,23.52941176470588,1.5390060719502754,4.448419156017696,17,10699.238675632476,38.52
30,20,2,0.002,1.5,5.0,0.02,10.130935234634435,23.076923076923077,1.5118236109363192,8.173504893397713,13,11013.093523463443,38.52
25,20,3,0.005,2.0,5.0,0.01,6.992386756324759,23.52941176470588,1.5390060719502754,4.448419156017696,17,10699.238675632476,38.52
25,20,3,0.003,2.0,5.0,0.01,6.992386756324759,23.52941176470588,1.5390060719502754,4.448419156017696,17,10699.238675632476,38.52
30,20,2,0.003,1.5,5.0,0.02,10.130935234634435,23.076923076923077,1.5118236109363192,8.173504893397713,13,11013.093523463443,38.52
25,20,1,0.003,1.5,2.0,0.01,-0.10890925121553663,33.33333333333333,0.9939244141755034,4.8495420946408245,27,9989.109074878446,38.5
25,20,1,0.002,1.5,2.0,0.01,-0.10890925121553663,33.33333333333333,0.9939244141755034,4.8495420946408245,27,9989.109074878446,38.5
25,20,2,0.002,1.5,2.0,0.02,1.9769495113352058,34.375,1.04942024841385,8.66698143173959,32,10197.69495113352,38.5
20,20,2,0.003,2.0,5.0,0.01,8.965553806097978,22.22222222222222,1.4285982878463854,5.996973350694134,27,10896.555380609798,38.45
20,20,2,0.005,2.0,5.0,0.01,8.965553806097978,22.22222222222222,1.4285982878463854,5.996973350694134,27,10896.555380609798,38.45
20,20,2,0.002,2.0,5.0,0.01,8.965553806097978,22.22222222222222,1.4285982878463854,5.996973350694134,27,10896.555380609798,38.45
15,20,1,0.002,2.0,4.0,0.01,9.007990589985365,24.390243902439025,1.2923598899724515,8.339029185999046,41,10900.799058998537,38.42
15,20,1,0.005,2.0,4.0,0.01,9.007990589985365,24.390243902439025,1.2923598899724515,8.339029185999046,41,10900.799058998537,38.42
20,20,2,0.005,2.0,3.0,0.02,8.19241187894213,28.947368421052634,1.1552462928396254,11.817780242515946,38,10819.241187894213,38.42
15,20,1,0.003,2.0,4.0,0.01,9.007990589985365,24.390243902439025,1.2923598899724515,8.339029185999046,41,10900.799058998537,38.42
20,20,2,0.005,1.5,2.0,0.01,1.0397890769060176,33.84615384615385,1.0244787180212307,7.223732811684326,65,10103.978907690602,38.4
30,20,2,0.005,1.5,4.0,0.01,5.003934660323048,26.666666666666668,1.4558608429662367,5.388202408024062,15,10500.393466032305,38.39
20,20,3,0.005,1.5,2.0,0.01,1.0278634398608484,33.92857142857143,1.0280950170529,7.361459611684301,56,10102.786343986085,38.38
15,20,1,0.003,1.5,2.0,0.01,1.1751903205577219,33.78378378378378,1.0243734161966933,8.125463020675392,74,10117.519032055772,38.17
15,20,1,0.002,1.5,2.0,0.01,1.1751903205577219,33.78378378378378,1.0243734161966933,8.125463020675392,74,10117.519032055772,38.17
15,20,1,0.005,1.5,2.0,0.01,1.1751903205577219,33.78378378378378,1.0243734161966933,8.125463020675392,74,10117.519032055772,38.17
25,20,2,0.002,2.0,3.0,0.01,2.9916898405297796,28.57142857142857,1.199939198435165,5.586539964297053,21,10299.168984052978,38.09
15,20,1,0.003,2.0,2.0,0.02,4.222041013988892,34.92063492063492,1.053157213309105,13.784990008561227,63,10422.20410139889,38.03
15,20,1,0.002,2.0,2.0,0.02,4.222041013988892,34.92063492063492,1.053157213309105,13.784990008561227,63,10422.20410139889,38.03
15,20,1,0.005,2.0,2.0,0.02,4.222041013988892,34.92063492063492,1.053157213309105,13.784990008561227,63,10422.20410139889,38.03
30,20,3,0.005,1.5,4.0,0.02,8.474672961976612,25.0,1.3614591218004142,9.559212618335259,16,10847.467296197661,38.02
30,20,3,0.002,1.5,4.0,0.02,8.474672961976612,25.0,1.3614591218004142,9.559212618335259,16,10847.467296197661,38.02
30,20,3,0.003,1.5,4.0,0.02,8.474672961976612,25.0,1.3614591218004142,9.559212618335259,16,10847.467296197661,38.02
30,20,1,0.003,1.5,5.0,0.01,4.000243821104541,25.0,1.6672835118651477,3.699099956960731,8,10400.024382110454,37.99
30,20,1,0.002,1.5,5.0,0.01,4.000243821104541,25.0,1.6672835118651477,3.699099956960731,8,10400.024382110454,37.99
25,20,2,0.002,2.0,3.0,0.02,6.13845438444323,28.57142857142857,1.2067950358468773,10.436804021034305,21,10613.845438444323,37.9
25,20,1,0.005,2.0,4.0,0.01,3.9957047719508596,25.0,1.3336467260429936,3.9987846927177455,16,10399.570477195086,37.9
25,20,1,0.003,2.0,5.0,0.01,4.997006286100604,23.076923076923077,1.5004400380856375,3.659900224637543,13,10499.70062861006,37.82
25,20,1,0.002,2.0,5.0,0.01,4.997006286100604,23.076923076923077,1.5004400380856375,3.659900224637543,13,10499.70062861006,37.82
25,20,1,0.005,2.0,5.0,0.02,8.910727335737302,21.428571428571427,1.424533690012894,7.824704053831974,14,10891.07273357373,37.65
30,20,2,0.002,1.5,5.0,0.01,4.997522221330892,23.076923076923077,1.5005705013878934,4.533319978250766,13,10499.75222213309,37.56
30,20,2,0.003,1.5,5.0,0.01,4.997522221330892,23.076923076923077,1.5005705013878934,4.533319978250766,13,10499.75222213309,37.56
20,20,1,0.005,2.0,4.0,0.01,5.971251563297046,24.137931034482758,1.272548301790943,7.161423919661014,29,10597.125156329705,37.48
20,20,1,0.002,2.0,4.0,0.01,5.971251563297046,24.137931034482758,1.272548301790943,7.161423919661014,29,10597.125156329705,37.48
20,20,1,0.003,2.0,4.0,0.01,5.971251563297046,24.137931034482758,1.272548301790943,7.161423919661014,29,10597.125156329705,37.48
30,20,3,0.003,1.5,4.0,0.01,4.006861438423329,25.0,1.3346517767697004,5.435401902224985,16,10400.686143842333,37.47
30,20,3,0.005,1.5,4.0,0.01,4.006861438423329,25.0,1.3346517767697004,5.435401902224985,16,10400.686143842333,37.47
30,20,3,0.002,1.5,4.0,0.01,4.006861438423329,25.0,1.3346517767697004,5.435401902224985,16,10400.686143842333,37.47
15,20,3,0.002,1.5,2.0,0.01,0.20305127477779025,33.33333333333333,1.0036944095152724,9.188519850734558,84,10020.305127477779,37.32
15,20,3,0.002,2.0,2.0,0.02,5.398498255490159,35.2112676056338,1.0609714682125913,18.014729522360604,71,10539.849825549016,37.32
15,20,3,0.003,1.5,2.0,0.01,0.203011296429122,33.33333333333333,1.0036940347457877,9.188519850734558,84,10020.301129642912,37.32
15,20,3,0.005,1.5,2.0,0.01,0.20321000594254657,33.33333333333333,1.0036972541579126,9.188519850734558,84,10020.321000594255,37.32
15,20,3,0.005,2.0,2.0,0.02,5.399194855738843,35.2112676056338,1.0609778665817047,18.014729522360604,71,10539.919485573884,37.32
20,20,1,0.002,2.0,4.0,0.02,9.888742737871471,24.137931034482758,1.2291228971310435,12.949055016418248,29,10988.874273787147,37.31
20,20,1,0.003,2.0,4.0,0.02,9.888742737871471,24.137931034482758,1.2291228971310435,12.949055016418248,29,10988.874273787147,37.31
20,20,1,0.005,2.0,4.0,0.02,9.888742737871471,24.137931034482758,1.2291228971310435,12.949055016418248,29,10988.874273787147,37.31
15,20,2,0.002,2.0,5.0,0.01,9.019972343264417,21.21212121212121,1.3487281951010683,9.105513445931965,33,10901.997234326442,37.24
15,20,2,0.005,2.0,5.0,0.01,9.019972343264417,21.21212121212121,1.3487281951010683,9.105513445931965,33,10901.997234326442,37.24
30,20,1,0.005,2.0,4.0,0.01,2.0009010112871692,25.0,1.333707437778116,3.769922524345644,8,10200.090101128717,37.17
15,20,3,0.003,2.0,2.0,0.02,4.9671909737589335,35.2112676056338,1.056099758483758,18.014729522360604,71,10496.719097375893,37.15
30,20,1,0.005,2.0,4.0,0.02,4.0035982262419205,25.0,1.3340813841940353,7.129369683180113,8,10400.359822624192,36.96
30,20,2,0.005,1.5,5.0,0.02,8.376029697310841,21.428571428571427,1.3887021839699365,9.636734315651067,14,10837.602969731084,36.89
25,20,1,0.005,2.0,5.0,0.01,3.9936547769735804,21.428571428571427,1.3636976682474038,3.9987846927177455,14,10399.365477697358,36.83
25,20,3,0.002,1.5,2.0,0.02,-0.6889077400932365,33.33333333333333,0.9834705685237853,9.680873875182801,33,9931.109225990676,36.82
25,20,3,0.003,1.5,2.0,0.02,-0.6889077400932365,33.33333333333333,0.9834705685237853,9.680873875182801,33,9931.109225990676,36.82
25,20,3,0.005,1.5,2.0,0.02,-0.6889077400932365,33.33333333333333,0.9834705685237853,9.680873875182801,33,9931.109225990676,36.82
25,20,1,0.002,1.5,2.0,0.02,-0.4487680026617273,33.33333333333333,0.9868522254354183,10.079499003315457,27,9955.123199733827,36.8
25,20,1,0.003,1.5,2.0,0.02,-0.4487680026617273,33.33333333333333,0.9868522254354183,10.079499003315457,27,9955.123199733827,36.8
30,20,1,0.005,1.5,5.0,0.02,6.238350775533563,22.22222222222222,1.453965634007628,8.399707061579658,9,10623.835077553356,36.64
30,20,1,0.005,1.5,5.0,0.01,3.002412679403969,22.22222222222222,1.4293669286243431,4.623059685382432,9,10300.241267940397,36.48
25,20,3,0.002,1.5,3.0,0.01,0.9901025855160697,25.925925925925924,1.0497315855317875,5.731326829085928,27,10099.010258551607,36.45
25,20,3,0.003,1.5,3.0,0.01,0.9901025855160697,25.925925925925924,1.0497315855317875,5.731326829085928,27,10099.010258551607,36.45
25,20,3,0.005,1.5,3.0,0.01,0.9901025855160697,25.925925925925924,1.0497315855317875,5.731326829085928,27,10099.010258551607,36.45
30,20,2,0.005,1.5,5.0,0.01,4.0019107666926175,21.428571428571427,1.3644971627087061,5.438557722486117,14,10400.191076669262,36.4
15,20,2,0.002,2.0,3.0,0.01,5.123687518398547,27.11864406779661,1.120301721120385,13.063933665262354,59,10512.368751839855,36.27
15,20,2,0.003,2.0,3.0,0.01,5.124177097540141,27.11864406779661,1.1203215490221825,13.062774761625452,59,10512.417709754014,36.27
15,20,2,0.005,2.0,3.0,0.01,5.123687518398547,27.11864406779661,1.120301721120385,13.063933665262354,59,10512.368751839855,36.27
25,20,2,0.002,2.0,4.0,0.01,1.9996257459956177,22.22222222222222,1.1431365364386574,4.997789519370745,18,10199.962574599562,35.97
25,20,2,0.003,2.0,4.0,0.01,1.9986198248243998,22.22222222222222,1.1430816570550404,4.997621996722774,18,10199.86198248244,35.97
25,20,2,0.005,2.0,4.0,0.01,1.9986198248243998,22.22222222222222,1.1430816570550404,4.997621996722774,18,10199.86198248244,35.97
20,20,2,0.002,1.5,5.0,0.01,5.998353667619031,19.444444444444446,1.2083914971124572,7.99202200025231,36,10599.835366761903,35.84
20,20,2,0.003,1.5,5.0,0.01,5.998353667619031,19.444444444444446,1.2083914971124572,7.99202200025231,36,10599.835366761903,35.84
15,20,2,0.003,2.0,5.0,0.01,9.040625218157347,20.51282051282051,1.2934905175948612,13.394960593378476,39,10904.062521815735,35.75
30,20,3,0.003,1.5,5.0,0.02,6.464305608469913,20.0,1.2755928863898016,9.726488079199997,15,10646.430560846991,35.67
30,20,3,0.002,1.5,5.0,0.02,6.464305608469913,20.0,1.2755928863898016,9.726488079199997,15,10646.430560846991,35.67
30,20,3,0.005,1.5,5.0,0.02,6.464305608469913,20.0,1.2755928863898016,9.726488079199997,15,10646.430560846991,35.67
25,20,3,0.005,1.5,3.0,0.02,2.307074665191012,25.925925925925924,1.0619967837193418,10.208105891218615,27,10230.707466519101,35.64
25,20,3,0.002,1.5,3.0,0.02,2.307074665191012,25.925925925925924,1.0619967837193418,10.208105891218615,27,10230.707466519101,35.64
25,20,3,0.003,1.5,3.0,0.02,2.307074665191012,25.925925925925924,1.0619967837193418,10.208105891218615,27,10230.707466519101,35.64
15,20,3,0.003,2.0,5.0,0.01,7.034780858936611,20.0,1.252763947298563,10.7493807073151,35,10703.478085893661,35.59
30,20,3,0.005,1.5,5.0,0.01,3.0042103876359216,20.0,1.2508556349159545,5.486683273867318,15,10300.421038763592,35.56
30,20,3,0.002,1.5,5.0,0.01,3.0042103876359216,20.0,1.2508556349159545,5.486683273867318,15,10300.421038763592,35.56
30,20,3,0.003,1.5,5.0,0.01,3.0042103876359216,20.0,1.2508556349159545,5.486683273867318,15,10300.421038763592,35.56
20,20,1,0.003,2.0,3.0,0.01,1.0097981610202988,25.806451612903224,1.0441016426145664,9.114358835740456,31,10100.97981610203,35.41
20,20,1,0.005,2.0,3.0,0.01,1.0097981610202988,25.806451612903224,1.0441016426145664,9.114358835740456,31,10100.97981610203,35.41
20,20,1,0.002,2.0,3.0,0.01,1.0097981610202988,25.806451612903224,1.0441016426145664,9.114358835740456,31,10100.97981610203,35.41
25,20,2,0.002,2.0,4.0,0.02,4.169950366572648,22.22222222222222,1.1504758836217348,9.820903577959578,18,10416.995036657265,35.39
25,20,2,0.005,2.0,4.0,0.02,4.165926628174348,22.22222222222222,1.1503668824083906,9.820233998176683,18,10416.592662817435,35.39
25,20,2,0.003,2.0,4.0,0.02,4.165926628174348,22.22222222222222,1.1503668824083906,9.820233998176683,18,10416.592662817435,35.39
15,20,1,0.003,2.0,3.0,0.01,1.0545301276218015,25.53191489361702,1.0303332190894814,9.03802544611997,47,10105.45301276218,35.37
15,20,1,0.002,2.0,3.0,0.01,1.0545301276218015,25.53191489361702,1.0303332190894814,9.03802544611997,47,10105.45301276218,35.37
15,20,1,0.005,2.0,3.0,0.01,1.0545301276218015,25.53191489361702,1.0303332190894814,9.03802544611997,47,10105.45301276218,35.37
20,20,2,0.002,1.5,2.0,0.02,-1.6816355283505435,34.375,0.9787056750031268,14.434410672073863,64,9831.836447164946,35.31
20,20,2,0.003,1.5,2.0,0.02,-1.6816355283505435,34.375,0.9787056750031268,14.434410672073863,64,9831.836447164946,35.31
15,20,2,0.002,2.0,3.0,0.02,9.124789631113744,27.11864406779661,1.1109082913105106,21.610691671672413,59,10912.478963111374,35.3
15,20,2,0.005,2.0,3.0,0.02,9.124789631113744,27.11864406779661,1.1109082913105106,21.610691671672413,59,10912.478963111374,35.3
15,20,2,0.005,2.0,2.0,0.01,-1.86517440069425,32.3943661971831,0.9607158081945856,12.31083955207095,71,9813.482559930575,35.28
15,20,2,0.002,2.0,2.0,0.01,-1.86517440069425,32.3943661971831,0.9607158081945856,12.31083955207095,71,9813.482559930575,35.28
15,20,2,0.003,2.0,2.0,0.01,-1.8649210117889743,32.3943661971831,0.9607195145502275,12.310143432649397,71,9813.507898821103,35.28
20,20,2,0.005,1.5,5.0,0.01,4.999732263567984,18.91891891891892,1.1679357449615952,7.99202200025231,37,10499.973226356798,35.28
25,20,1,0.002,1.5,5.0,0.02,6.696280238714043,18.75,1.288384627530315,10.123857474871041,16,10669.628023871404,35.27
25,20,1,0.003,1.5,5.0,0.02,6.696280238714043,18.75,1.288384627530315,10.123857474871041,16,10669.628023871404,35.27
20,20,3,0.002,1.5,2.0,0.02,-2.2149662744974195,34.54545454545455,0.9673358055411877,14.571425383577157,55,9778.503372550258,35.11
20,20,3,0.003,1.5,2.0,0.02,-2.2149662744974195,34.54545454545455,0.9673358055411877,14.571425383577157,55,9778.503372550258,35.11
15,20,2,0.003,2.0,3.0,0.02,8.476212237867731,27.11864406779661,1.1030273891673033,21.71127877404401,59,10847.621223786773,35.01
25,20,2,0.003,1.5,3.0,0.01,0.01106487388797177,25.0,1.0006173340348932,8.361330745542322,24,10001.106487388797,35.0
25,20,2,0.005,1.5,3.0,0.01,0.01106487388797177,25.0,1.0006173340348932,8.361330745542322,24,10001.106487388797,35.0
15,20,1,0.002,1.5,2.0,0.02,-0.8733444416750535,33.78378378378378,0.9904201844663841,16.08841061315744,74,9912.665555832495,34.96
15,20,1,0.003,1.5,2.0,0.02,-0.8733444416750535,33.78378378378378,0.9904201844663841,16.08841061315744,74,9912.665555832495,34.96
15,20,1,0.005,1.5,2.0,0.02,-0.8733444416750535,33.78378378378378,0.9904201844663841,16.08841061315744,74,9912.665555832495,34.96
25,20,2,0.002,2.0,5.0,0.01,1.9971133406032824,18.75,1.153913306174069,4.997789519370745,16,10199.711334060328,34.92
25,20,2,0.003,2.0,5.0,0.01,1.9961078407543027,18.75,1.1538536638754502,4.997621996722774,16,10199.61078407543,34.92
25,20,2,0.005,2.0,5.0,0.01,1.9961078407543027,18.75,1.1538536638754502,4.997621996722774,16,10199.61078407543,34.92
15,20,2,0.003,2.0,5.0,0.02,13.371182060468126,20.51282051282051,1.2231463743632627,22.181767437859595,39,11337.118206046813,34.85
25,20,2,0.003,1.5,4.0,0.01,2.003186002575094,21.73913043478261,1.1117425318904601,8.286518507215327,23,10200.31860025751,34.84
25,20,2,0.005,1.5,4.0,0.01,2.003186002575094,21.73913043478261,1.1117425318904601,8.286518507215327,23,10200.31860025751,34.84
15,20,2,0.002,1.5,2.0,0.01,-3.6900082072354965,31.76470588235294,0.9351684537901203,10.803876475070355,85,9630.99917927645,34.81
15,20,2,0.003,1.5,2.0,0.01,-3.6893425484109863,31.76470588235294,0.9351743253396791,10.803259984656176,85,9631.065745158901,34.81
15,20,2,0.005,1.5,2.0,0.01,-3.6900082072354965,31.76470588235294,0.9351684537901203,10.803876475070355,85,9630.99917927645,34.81
25,20,2,0.003,1.5,4.0,0.02,6.430920091219559,21.73913043478261,1.1930012500051606,14.298478534552489,23,10643.092009121956,34.8
25,20,2,0.005,1.5,4.0,0.02,6.430920091219559,21.73913043478261,1.1930012500051606,14.298478534552489,23,10643.092009121956,34.8
15,20,1,0.002,2.0,5.0,0.01,5.018907139900966,19.35483870967742,1.2015833368695017,10.211480562149077,31,10501.890713990097,34.75
15,20,1,0.003,2.0,5.0,0.01,5.018907139900966,19.35483870967742,1.2015833368695017,10.211480562149077,31,10501.890713990097,34.75
15,20,1,0.005,2.0,5.0,0.01,5.018907139900966,19.35483870967742,1.2015833368695017,10.211480562149077,31,10501.890713990097,34.75
20,20,1,0.002,1.5,2.0,0.01,-3.902788070690258,30.76923076923077,0.8905349850579913,10.139003156331928,52,9609.721192930974,34.63
20,20,1,0.003,1.5,2.0,0.01,-3.902788070690258,30.76923076923077,0.8905349850579913,10.139003156331928,52,9609.721192930974,34.63
20,20,1,0.005,1.5,2.0,0.01,-3.903012682850113,30.76923076923077,0.8905317943409402,10.139387289942027,52,9609.698731714989,34.63
25,20,1,0.002,1.5,5.0,0.01,2.0769851177739476,18.75,1.160999744452079,6.336416499697016,16,10207.698511777395,34.55
25,20,1,0.003,1.5,5.0,0.01,2.0769851177739476,18.75,1.160999744452079,6.336416499697016,16,10207.698511777395,34.55
15,20,3,0.003,2.0,5.0,0.02,9.772741457743194,20.0,1.182329016900936,17.933278719556142,35,10977.27414577432,34.53
15,20,2,0.002,1.5,3.0,0.01,2.323555808618639,25.71428571428571,1.0454435457953961,13.916842706995242,70,10232.355580861864,34.47
15,20,2,0.003,1.5,3.0,0.01,2.324327619894393,25.71428571428571,1.0454641427362434,13.914684932246473,70,10232.43276198944,34.47
15,20,2,0.005,1.5,3.0,0.01,2.323555808618639,25.71428571428571,1.0454435457953961,13.916842706995242,70,10232.355580861864,34.47
25,20,1,0.005,1.5,5.0,0.02,5.286060898790802,17.647058823529413,1.2148664397454274,10.236782405331422,17,10528.60608987908,34.34
25,20,2,0.002,2.0,5.0,0.02,4.159926812158301,18.75,1.1616535940973414,9.820903577959578,16,10415.99268121583,34.34
25,20,2,0.003,2.0,5.0,0.02,4.155906436223104,18.75,1.1615350742867332,9.820233998176683,16,10415.59064362231,34.34
25,20,2,0.005,2.0,5.0,0.02,4.155906436223104,18.75,1.1615350742867332,9.820233998176683,16,10415.59064362231,34.34
20,20,2,0.005,1.5,2.0,0.02,-3.6602822957877654,33.84615384615385,0.9547553573892081,14.676271227390442,65,9633.971770421223,34.29
25,20,2,0.002,1.5,3.0,0.01,-0.9884086459457103,24.0,0.9477577486986424,8.438697017065442,25,9901.159135405429,34.27
20,20,2,0.002,1.5,5.0,0.02,6.981571690981254,19.444444444444446,1.133972604332123,14.851329946273964,36,10698.157169098125,34.17
20,20,2,0.003,1.5,5.0,0.02,6.981571690981254,19.444444444444446,1.133972604332123,14.851329946273964,36,10698.157169098125,34.17
25,20,2,0.002,1.5,4.0,0.01,1.003335131611566,20.833333333333336,1.0530223396622582,8.362473713666864,24,10100.333513161157,34.14
25,20,2,0.003,1.5,3.0,0.02,2.458778726135006,25.0,1.0738152984446563,14.538796881075871,24,10245.8778726135,34.12
25,20,2,0.005,1.5,3.0,0.02,2.458778726135006,25.0,1.0738152984446563,14.538796881075871,24,10245.8778726135,34.12
15,20,1,0.002,2.0,5.0,0.02,8.389859130091809,19.35483870967742,1.1741535450596234,17.091917955348343,31,10838.98591300918,34.03
15,20,1,0.003,2.0,5.0,0.02,8.389859130091809,19.35483870967742,1.1741535450596234,17.091917955348343,31,10838.98591300918,34.03
15,20,1,0.005,2.0,5.0,0.02,8.389859130091809,19.35483870967742,1.1741535450596234,17.091917955348343,31,10838.98591300918,34.03
20,20,1,0.002,2.0,5.0,0.01,0.9958110990639398,17.391304347826086,1.052583809473111,5.996589536112188,23,10099.581109906394,33.82
20,20,1,0.003,2.0,5.0,0.01,0.9958110990639398,17.391304347826086,1.052583809473111,5.996589536112188,23,10099.581109906394,33.82
20,20,1,0.005,2.0,5.0,0.01,0.9958110990639398,17.391304347826086,1.052583809473111,5.996589536112188,23,10099.581109906394,33.82
25,20,1,0.005,1.5,5.0,0.01,1.074623092159436,17.647058823529413,1.0773516173944298,6.39115641209335,17,10107.462309215944,33.81
20,20,3,0.005,1.5,2.0,0.02,-4.999967347454003,33.92857142857143,0.9283459776118906,14.941677628497759,56,9500.0032652546,33.7
25,20,2,0.002,1.5,4.0,0.02,4.430008255326484,20.833333333333336,1.1254730040362553,14.541654408758292,24,10443.000825532648,33.66
20,20,1,0.002,1.5,3.0,0.01,-1.9464104349590343,23.684210526315788,0.9323699791768457,9.153202999386718,38,9805.358956504097,33.58
20,20,1,0.003,1.5,3.0,0.01,-1.9464104349590343,23.684210526315788,0.9323699791768457,9.153202999386718,38,9805.358956504097,33.58
20,20,1,0.005,1.5,3.0,0.01,-1.9464104349590343,23.684210526315788,0.9323699791768457,9.153202999386718,38,9805.358956504097,33.58
25,20,3,0.002,1.5,4.0,0.01,0.008371531293232693,20.0,1.0004203836214907,8.441861338119553,25,10000.837153129323,33.47
25,20,3,0.003,1.5,4.0,0.01,0.008371531293232693,20.0,1.0004203836214907,8.441861338119553,25,10000.837153129323,33.47
25,20,3,0.005,1.5,4.0,0.01,0.008371531293232693,20.0,1.0004203836214907,8.441861338119553,25,10000.837153129323,33.47
15,20,3,0.002,2.0,5.0,0.01,3.0456905027693213,18.181818181818183,1.1134070384848094,11.13048311536913,33,10304.569050276932,33.33
15,20,3,0.005,2.0,5.0,0.01,3.045710555882433,18.181818181818183,1.1134082987843907,11.13041125646822,33,10304.571055588243,33.33
20,20,1,0.002,1.5,4.0,0.01,0.04461221722456685,20.0,1.0016045372897988,8.988128493651288,35,10004.461221722457,33.32
20,20,1,0.003,1.5,4.0,0.01,0.04461221722456685,20.0,1.0016045372897988,8.988128493651288,35,10004.461221722457,33.32
20,20,1,0.005,1.5,4.0,0.01,0.04461221722456685,20.0,1.0016045372897988,8.988128493651288,35,10004.461221722457,33.32
20,20,2,0.005,1.5,5.0,0.02,4.990994857194001,18.91891891891892,1.0923099244108443,14.851329946273964,37,10499.0994857194,33.22
20,20,3,0.002,1.5,5.0,0.01,2.03143945842603,17.5,1.0620734124646685,9.714455055079384,40,10203.143945842603,33.15
20,20,3,0.003,1.5,5.0,0.01,2.03143945842603,17.5,1.0620734124646685,9.714455055079384,40,10203.143945842603,33.15
20,20,1,0.002,2.0,3.0,0.02,0.6612934867564582,25.806451612903224,1.0146586650730935,16.715665001463105,31,10066.129348675646,32.99
20,20,1,0.003,2.0,3.0,0.02,0.6612934867564582,25.806451612903224,1.0146586650730935,16.715665001463105,31,10066.129348675646,32.99
20,20,1,0.005,2.0,3.0,0.02,0.6612934867564582,25.806451612903224,1.0146586650730935,16.715665001463105,31,10066.129348675646,32.99
25,20,2,0.002,1.5,3.0,0.02,0.45937174045004214,24.0,1.0130149360424037,14.790447505942222,25,10045.937174045004,32.95
25,20,3,0.002,1.5,4.0,0.02,3.0926159311617996,20.0,1.0844210349921903,14.339672220734823,25,10309.26159311618,32.94
25,20,3,0.003,1.5,4.0,0.02,3.0926159311617996,20.0,1.0844210349921903,14.339672220734823,25,10309.26159311618,32.94
25,20,3,0.005,1.5,4.0,0.02,3.0926159311617996,20.0,1.0844210349921903,14.339672220734823,25,10309.26159311618,32.94
30,20,1,0.002,2.0,5.0,0.01,-0.9989333235637242,14.285714285714285,0.8334294843452179,3.88073664408997,7,9900.106667643628,32.72
30,20,1,0.003,2.0,5.0,0.01,-0.9989333235637242,14.285714285714285,0.8334294843452179,3.88073664408997,7,9900.106667643628,32.72
15,20,1,0.002,2.0,3.0,0.02,0.01760086964335642,25.53191489361702,1.0002602963059661,16.78763507198557,47,10001.760086964336,32.63
15,20,1,0.003,2.0,3.0,0.02,0.01760086964335642,25.53191489361702,1.0002602963059661,16.78763507198557,47,10001.760086964336,32.63
15,20,1,0.005,2.0,3.0,0.02,0.01760086964335642,25.53191489361702,1.0002602963059661,16.78763507198557,47,10001.760086964336,32.63
20,20,3,0.005,1.5,5.0,0.01,1.0306644566579597,17.073170731707318,1.0305700370327908,9.798944110691327,41,10103.066445665796,32.59
15,20,3,0.002,2.0,5.0,0.02,6.027464375793261,18.181818181818183,1.1166515990715156,18.474931809130524,33,10602.746437579326,32.32
15,20,3,0.005,2.0,5.0,0.02,6.027527428972135,18.181818181818183,1.1166538601385207,18.474708488736017,33,10602.752742897213,32.32
25,20,2,0.003,1.5,5.0,0.01,-0.9822428052933901,15.789473684210526,0.938394960633788,7.436439056621576,19,9901.775719470661,32.11
25,20,2,0.005,1.5,5.0,0.01,-0.9822428052933901,15.789473684210526,0.938394960633788,7.436439056621576,19,9901.775719470661,32.11
15,20,2,0.002,1.5,3.0,0.02,2.902409452431075,25.71428571428571,1.0310987314762046,22.912663194439634,70,10290.240945243107,32.0
15,20,2,0.005,1.5,3.0,0.02,2.902409452431075,25.71428571428571,1.0310987314762046,22.912663194439634,70,10290.240945243107,32.0
20,20,1,0.002,1.5,5.0,0.01,-0.9742351388062342,16.129032258064516,0.9622964330283766,8.257322821029705,31,9902.576486119377,31.97
20,20,1,0.003,1.5,5.0,0.01,-0.9742351388062342,16.129032258064516,0.9622964330283766,8.257322821029705,31,9902.576486119377,31.97
20,20,1,0.005,1.5,5.0,0.01,-0.9742351388062342,16.129032258064516,0.9622964330283766,8.257322821029705,31,9902.576486119377,31.97
15,20,3,0.002,1.5,2.0,0.02,-6.676947331147458,33.33333333333333,0.9349090170485431,18.762024725650956,84,9332.305266885254,31.7
15,20,3,0.005,1.5,2.0,0.02,-6.676462019597857,33.33333333333333,0.9349152572368464,18.76162602768429,84,9332.353798040214,31.7
15,20,2,0.002,2.0,2.0,0.02,-4.162416323401121,32.3943661971831,0.9547633183939843,21.23573401645506,71,9583.758367659888,31.68
15,20,2,0.005,2.0,2.0,0.02,-4.162416323401121,32.3943661971831,0.9547633183939843,21.23573401645506,71,9583.758367659888,31.68
15,20,2,0.003,1.5,3.0,0.02,2.139574773267486,25.71428571428571,1.0229256033446537,23.04375860596204,70,10213.957477326749,31.66
30,20,1,0.005,2.0,5.0,0.01,-1.9975758578964997,12.5,0.7144567055228429,4.850309881817441,8,9800.24241421035,31.5
15,20,2,0.003,2.0,2.0,0.02,-4.593701980405585,32.3943661971831,0.9500773422683547,21.311900604724006,71,9540.629801959441,31.49
25,20,2,0.002,1.5,5.0,0.01,-1.981528189985438,15.0,0.8830311381946689,7.505246368140346,20,9801.847181001456,31.46
20,20,1,0.002,2.0,5.0,0.02,-0.6425207638707434,17.391304347826086,0.9827597164700795,11.81624462967542,23,9935.747923612926,31.42
20,20,1,0.003,2.0,5.0,0.02,-0.6425207638707434,17.391304347826086,0.9827597164700795,11.81624462967542,23,9935.747923612926,31.42
20,20,1,0.005,2.0,5.0,0.02,-0.6425207638707434,17.391304347826086,0.9827597164700795,11.81624462967542,23,9935.747923612926,31.42
15,20,3,0.003,1.5,2.0,0.02,-7.183063076987728,33.33333333333333,0.9299756410321246,19.206434240152483,84,9281.693692301227,31.36
20,20,1,0.002,1.5,4.0,0.02,0.1825902215293172,20.0,1.0035401099469885,15.860741958533467,35,10018.259022152932,31.31
20,20,1,0.003,1.5,4.0,0.02,0.1825902215293172,20.0,1.0035401099469885,15.860741958533467,35,10018.259022152932,31.31
20,20,1,0.005,1.5,4.0,0.02,0.1825902215293172,20.0,1.0035401099469885,15.860741958533467,35,10018.259022152932,31.31
30,20,1,0.002,2.0,5.0,0.02,-1.9957361429854061,14.285714285714285,0.8335255340124502,7.536705633695674,7,9800.42638570146,31.23
30,20,1,0.003,2.0,5.0,0.02,-1.9957361429854061,14.285714285714285,0.8335255340124502,7.536705633695674,7,9800.42638570146,31.23
25,20,2,0.003,1.5,5.0,0.02,0.4824454543031243,15.789473684210526,1.0164187754755407,12.836636757698017,19,10048.244545430312,31.08
25,20,2,0.005,1.5,5.0,0.02,0.4824454543031243,15.789473684210526,1.0164187754755407,12.836636757698017,19,10048.244545430312,31.08
25,20,3,0.002,1.5,5.0,0.01,-2.9757723609336426,14.285714285714285,0.8340713518873658,7.5733348078586324,21,9702.422763906636,30.82
25,20,3,0.003,1.5,5.0,0.01,-2.9757723609336426,14.285714285714285,0.8340713518873658,7.5733348078586324,21,9702.422763906636,30.82
25,20,3,0.005,1.5,5.0,0.01,-2.9757723609336426,14.285714285714285,0.8340713518873658,7.5733348078586324,21,9702.422763906636,30.82
15,20,2,0.002,1.5,2.0,0.02,-8.251296130033188,31.76470588235294,0.9212854474443114,19.99666806739612,85,9174.870386996681,30.23
15,20,2,0.005,1.5,2.0,0.02,-8.251296130033188,31.76470588235294,0.9212854474443114,19.99666806739612,85,9174.870386996681,30.23
25,20,2,0.002,1.5,5.0,0.02,-1.5162129472170636,15.0,0.9516684937979925,13.058813518857182,20,9848.378705278294,29.98
20,20,3,0.003,1.5,5.0,0.02,-0.4184637957959785,17.5,0.993112474365073,17.15524791048071,40,9958.153620420402,29.94
20,20,3,0.002,1.5,5.0,0.02,-0.4184637957959785,17.5,0.993112474365073,17.15524791048071,40,9958.153620420402,29.94
15,20,2,0.003,1.5,2.0,0.02,-8.757088061886643,31.76470588235294,0.9164622678769146,20.437710154162307,85,9124.291193811336,29.9
20,20,1,0.003,1.5,2.0,0.02,-9.668320146416628,30.76923076923077,0.8585072450048411,19.370272102260728,52,9033.167985358337,29.55
20,20,1,0.002,1.5,2.0,0.02,-9.668320146416628,30.76923076923077,0.8585072450048411,19.370272102260728,52,9033.167985358337,29.55
20,20,1,0.005,1.5,2.0,0.02,-9.66931180690466,30.76923076923077,0.8585007246699211,19.371687937056805,52,9033.068819309534,29.55
20,20,1,0.002,1.5,5.0,0.02,-2.8143733922682985,16.129032258064516,0.9410007093818394,14.02297710737315,31,9718.56266077317,29.51
20,20,1,0.003,1.5,5.0,0.02,-2.8143733922682985,16.129032258064516,0.9410007093818394,14.02297710737315,31,9718.56266077317,29.51
20,20,1,0.005,1.5,5.0,0.02,-2.8143733922682985,16.129032258064516,0.9410007093818394,14.02297710737315,31,9718.56266077317,29.51
20,20,1,0.003,1.5,3.0,0.02,-5.667062937365972,23.684210526315788,0.8954363148326882,17.886135442040125,38,9433.293706263403,29.47
20,20,1,0.005,1.5,3.0,0.02,-5.667062937365972,23.684210526315788,0.8954363148326882,17.886135442040125,38,9433.293706263403,29.47
20,20,1,0.002,1.5,3.0,0.02,-5.667062937365972,23.684210526315788,0.8954363148326882,17.886135442040125,38,9433.293706263403,29.47
30,20,1,0.005,2.0,5.0,0.02,-3.990309103946838,12.5,0.7146276206010334,9.418509338619371,8,9600.969089605316,29.33
25,20,3,0.003,1.5,5.0,0.02,-3.0155253937980158,14.285714285714285,0.9082508430077311,12.849948779059819,21,9698.447460620198,29.22
25,20,3,0.005,1.5,5.0,0.02,-3.0155253937980158,14.285714285714285,0.9082508430077311,12.849948779059819,21,9698.447460620198,29.22
25,20,3,0.002,1.5,5.0,0.02,-3.0155253937980158,14.285714285714285,0.9082508430077311,12.849948779059819,21,9698.447460620198,29.22
20,20,3,0.005,1.5,5.0,0.02,-2.020138196868702,17.073170731707318,0.9675926265942476,17.386141646247065,41,9797.98618031313,29.1
